{"cameraMode":{"drawMode":0,"name":"Shaded","section":"Shading Mode"},"sceneLighting":true,"audioPlay":false,"sceneViewState":{"showFog":false,"showMaterialUpdate":false,"showSkybox":true,"showFlares":false,"showImageEffects":false,"showParticleSystems":false},"in2DMode":false,"pivot":{"x":0.04436999559402466,"y":2.879002571105957,"z":1.3295278549194337},"rotation":{"x":-0.12894931435585023,"y":0.002079771598801017,"z":-0.0002704936487134546,"w":-0.9916495680809021},"size":21.656911849975587,"orthographic":false}